<?xml version="1.0" encoding="UTF-8"?>
<project-private xmlns="http://www.netbeans.org/ns/project-private/1">
    <editor-bookmarks xmlns="http://www.netbeans.org/ns/editor-bookmarks/2" lastBookmarkId="0"/>
    <open-files xmlns="http://www.netbeans.org/ns/projectui-open-files/2">
        <group>
            <file>file:/C:/Users/Chumba/Documents/NetBeansProjects/Banking/src/Banking/MyConnection.java</file>
            <file>file:/C:/Users/Chumba/Documents/NetBeansProjects/Banking/src/Banking/Login.java</file>
            <file>file:/C:/Users/Chumba/Documents/NetBeansProjects/Banking/src/Banking/Account.java</file>
            <file>file:/C:/Users/Chumba/Documents/NetBeansProjects/Banking/src/Banking/Registration.java</file>
            <file>file:/C:/Users/Chumba/Documents/NetBeansProjects/Banking/src/Banking/Withdraw.java</file>
            <file>file:/C:/Users/Chumba/Documents/NetBeansProjects/Banking/src/Banking/Balance.java</file>
            <file>file:/C:/Users/Chumba/Documents/NetBeansProjects/Banking/src/Banking/Transfer.java</file>
            <file>file:/C:/Users/Chumba/Documents/NetBeansProjects/Banking/src/Banking/Deposit.java</file>
        </group>
    </open-files>
</project-private>
